{
  "answer_similarity": 0.9314342578816637,
  "answer_relevancy": 0.9057193605990491,
  "conciseness": 1.0,
  "harmfulness": 0.0
}